{"cameraMode":{"drawMode":0,"name":"Shaded","section":"Shading Mode"},"sceneLighting":true,"audioPlay":false,"sceneViewState":{"showFog":true,"showMaterialUpdate":false,"showSkybox":true,"showFlares":true,"showImageEffects":true,"showParticleSystems":true,"showVisualEffectGraphs":true,"m_FxEnabled":true},"in2DMode":false,"pivot":{"x":0.004720926284790039,"y":0.821387529373169,"z":-1.0063458681106568},"rotation":{"x":-0.07287617027759552,"y":0.9074119925498962,"z":-0.17668746411800385,"w":-0.374268501996994},"size":157.39376831054688,"orthographic":false}