{"cameraMode":{"drawMode":0,"name":"Shaded","section":"Shading Mode"},"sceneLighting":false,"audioPlay":false,"sceneViewState":{"showFog":true,"showMaterialUpdate":false,"showSkybox":true,"showFlares":true,"showImageEffects":true,"showParticleSystems":true,"showVisualEffectGraphs":true,"m_FxEnabled":true},"in2DMode":false,"pivot":{"x":-1.7650867700576783,"y":0.5136396288871765,"z":-0.35877811908721926},"rotation":{"x":0.058246903121471408,"y":-0.9415459036827087,"z":0.2445514053106308,"w":0.22442024946212769},"size":6.251956939697266,"orthographic":false}