{"cameraMode":{"drawMode":0,"name":"Shaded","section":"Shading Mode"},"sceneLighting":false,"audioPlay":false,"sceneViewState":{"showFog":true,"showMaterialUpdate":false,"showSkybox":false,"showFlares":true,"showImageEffects":true,"showParticleSystems":true,"showVisualEffectGraphs":true,"m_FxEnabled":true},"in2DMode":false,"pivot":{"x":-0.22931942343711854,"y":-0.06214134395122528,"z":0.04727102071046829},"rotation":{"x":-0.18745024502277375,"y":0.5803546905517578,"z":-0.13944759964942933,"w":-0.7801328897476196},"size":0.5435293912887573,"orthographic":false}